home_team,player_id,team_year,away_team
Home4A,383,1883,Vis4AB
Home4A,392,1883,Vis4AB
Home4A,431,1883,Vis4AB
Home4A,461,1883,Vis4AB
Home4A,463,1883,Vis4AB
Home4A,467,1883,Vis4AB
Home4A,535,1883,Vis4AB
Home4A,586,1883,Vis4AB
Home4A,624,1883,Vis4AB
Home4A,636,1883,Vis4AB
Home4A,652,1883,Vis4AB
Home4A,782,1883,Vis4AB
Home4A,924,1883,Vis4AB
Home4A,983,1883,Vis4AB
Home4A,991,1883,Vis4AB
Home4A,336,1883,Vis4AC
Home4A,383,1883,Vis4AC
Home4A,420,1883,Vis4AC
Home4A,431,1883,Vis4AC
Home4A,467,1883,Vis4AC
Home4A,535,1883,Vis4AC
Home4A,566,1883,Vis4AC
Home4A,586,1883,Vis4AC
Home4A,624,1883,Vis4AC
Home4A,636,1883,Vis4AC
Home4A,675,1883,Vis4AC
Home4A,721,1883,Vis4AC
Home4A,722,1883,Vis4AC
Home4A,782,1883,Vis4AC
Home4A,792,1883,Vis4AC
Home4A,939,1883,Vis4AC
Home4A,981,1883,Vis4AC
Home4A,991,1883,Vis4AC
Home4A,995,1883,Vis4AC
Home4A,336,1883,Vis4AD
Home4A,383,1883,Vis4AD
Home4A,409,1883,Vis4AD
Home4A,420,1883,Vis4AD
Home4A,431,1883,Vis4AD
Home4A,467,1883,Vis4AD
Home4A,566,1883,Vis4AD
Home4A,586,1883,Vis4AD
Home4A,624,1883,Vis4AD
Home4A,636,1883,Vis4AD
Home4A,652,1883,Vis4AD
Home4A,667,1883,Vis4AD
Home4A,675,1883,Vis4AD
Home4A,721,1883,Vis4AD
Home4A,722,1883,Vis4AD
Home4A,782,1883,Vis4AD
Home4A,981,1883,Vis4AD
Home4A,983,1883,Vis4AD
Home4A,991,1883,Vis4AD
Home4A,383,1883,Vis4AE
Home4A,409,1883,Vis4AE
Home4A,431,1883,Vis4AE
Home4A,467,1883,Vis4AE
Home4A,566,1883,Vis4AE
Home4A,586,1883,Vis4AE
Home4A,624,1883,Vis4AE
Home4A,636,1883,Vis4AE
Home4A,652,1883,Vis4AE
Home4A,667,1883,Vis4AE
Home4A,675,1883,Vis4AE
Home4A,721,1883,Vis4AE
Home4A,722,1883,Vis4AE
Home4A,782,1883,Vis4AE
Home4A,792,1883,Vis4AE
Home4A,859,1883,Vis4AE
Home4A,924,1883,Vis4AE
Home4A,939,1883,Vis4AE
Home4A,964,1883,Vis4AE
Home4A,981,1883,Vis4AE
Home4A,983,1883,Vis4AE
Home4A,991,1883,Vis4AE
Home4A,383,1883,Vis4AF
Home4A,431,1883,Vis4AF
Home4A,463,1883,Vis4AF
Home4A,467,1883,Vis4AF
Home4A,530,1883,Vis4AF
Home4A,586,1883,Vis4AF
Home4A,624,1883,Vis4AF
Home4A,634,1883,Vis4AF
Home4A,636,1883,Vis4AF
Home4A,652,1883,Vis4AF
Home4A,675,1883,Vis4AF
Home4A,707,1883,Vis4AF
Home4A,721,1883,Vis4AF
Home4A,722,1883,Vis4AF
Home4A,769,1883,Vis4AF
Home4A,782,1883,Vis4AF
Home4A,964,1883,Vis4AF
Home4A,983,1883,Vis4AF
Home4A,383,1883,Vis4AG
Home4A,409,1883,Vis4AG
Home4A,420,1883,Vis4AG
Home4A,431,1883,Vis4AG
Home4A,467,1883,Vis4AG
Home4A,530,1883,Vis4AG
Home4A,586,1883,Vis4AG
Home4A,624,1883,Vis4AG
Home4A,634,1883,Vis4AG
Home4A,636,1883,Vis4AG
Home4A,675,1883,Vis4AG
Home4A,721,1883,Vis4AG
Home4A,722,1883,Vis4AG
Home4A,782,1883,Vis4AG
Home4A,983,1883,Vis4AG
Home4A,356,1883,Vis4AH
Home4A,383,1883,Vis4AH
Home4A,409,1883,Vis4AH
Home4A,431,1883,Vis4AH
Home4A,463,1883,Vis4AH
Home4A,467,1883,Vis4AH
Home4A,530,1883,Vis4AH
Home4A,586,1883,Vis4AH
Home4A,624,1883,Vis4AH
Home4A,634,1883,Vis4AH
Home4A,636,1883,Vis4AH
Home4A,675,1883,Vis4AH
Home4A,721,1883,Vis4AH
Home4A,722,1883,Vis4AH
Home4A,782,1883,Vis4AH
Home4A,948,1883,Vis4AH
Home4A,983,1883,Vis4AH
Home4A,380,1883,Vis4AI
Home4A,383,1883,Vis4AI
Home4A,409,1883,Vis4AI
Home4A,431,1883,Vis4AI
Home4A,463,1883,Vis4AI
Home4A,467,1883,Vis4AI
Home4A,530,1883,Vis4AI
Home4A,586,1883,Vis4AI
Home4A,624,1883,Vis4AI
Home4A,627,1883,Vis4AI
Home4A,634,1883,Vis4AI
Home4A,636,1883,Vis4AI
Home4A,642,1883,Vis4AI
Home4A,675,1883,Vis4AI
Home4A,721,1883,Vis4AI
Home4A,722,1883,Vis4AI
Home4A,760,1883,Vis4AI
Home4A,782,1883,Vis4AI
Home4A,859,1883,Vis4AI
Home4A,956,1883,Vis4AI
Home4A,964,1883,Vis4AI
Home4A,995,1883,Vis4AI
Home4A,383,1883,Vis4AJ
Home4A,409,1883,Vis4AJ
Home4A,420,1883,Vis4AJ
Home4A,431,1883,Vis4AJ
Home4A,467,1883,Vis4AJ
Home4A,530,1883,Vis4AJ
Home4A,586,1883,Vis4AJ
Home4A,624,1883,Vis4AJ
Home4A,627,1883,Vis4AJ
Home4A,634,1883,Vis4AJ
Home4A,636,1883,Vis4AJ
Home4A,693,1883,Vis4AJ
Home4A,707,1883,Vis4AJ
Home4A,721,1883,Vis4AJ
Home4A,760,1883,Vis4AJ
Home4A,782,1883,Vis4AJ
Home4A,792,1883,Vis4AJ
Home4A,939,1883,Vis4AJ
Home4A,948,1883,Vis4AJ
Home4A,956,1883,Vis4AJ
Home4A,983,1883,Vis4AJ
Home4A,995,1883,Vis4AJ
Home4A,380,1884,Vis4AK
Home4A,389,1884,Vis4AK
Home4A,427,1884,Vis4AK
Home4A,431,1884,Vis4AK
Home4A,460,1884,Vis4AK
Home4A,467,1884,Vis4AK
Home4A,520,1884,Vis4AK
Home4A,586,1884,Vis4AK
Home4A,624,1884,Vis4AK
Home4A,636,1884,Vis4AK
Home4A,638,1884,Vis4AK
Home4A,659,1884,Vis4AK
Home4A,671,1884,Vis4AK
Home4A,722,1884,Vis4AK
Home4A,772,1884,Vis4AK
Home4A,776,1884,Vis4AK
Home4A,792,1884,Vis4AK
Home4A,811,1884,Vis4AK
Home4A,835,1884,Vis4AK
Home4A,901,1884,Vis4AK
Home4A,956,1884,Vis4AK
Home4A,964,1884,Vis4AK
Home4A,995,1884,Vis4AK
Home4A,318,1884,Vis4AL
Home4A,380,1884,Vis4AL
Home4A,427,1884,Vis4AL
Home4A,431,1884,Vis4AL
Home4A,460,1884,Vis4AL
Home4A,467,1884,Vis4AL
Home4A,520,1884,Vis4AL
Home4A,586,1884,Vis4AL
Home4A,624,1884,Vis4AL
Home4A,636,1884,Vis4AL
Home4A,638,1884,Vis4AL
Home4A,659,1884,Vis4AL
Home4A,671,1884,Vis4AL
Home4A,722,1884,Vis4AL
Home4A,772,1884,Vis4AL
Home4A,776,1884,Vis4AL
Home4A,792,1884,Vis4AL
Home4A,811,1884,Vis4AL
Home4A,835,1884,Vis4AL
Home4A,901,1884,Vis4AL
Home4A,933,1884,Vis4AL
Home4A,956,1884,Vis4AL
Home4A,964,1884,Vis4AL
Home4A,995,1884,Vis4AL
Home4A,318,1884,Vis4AM
Home4A,337,1884,Vis4AM
Home4A,345,1884,Vis4AM
Home4A,380,1884,Vis4AM
Home4A,427,1884,Vis4AM
Home4A,431,1884,Vis4AM
Home4A,460,1884,Vis4AM
Home4A,467,1884,Vis4AM
Home4A,520,1884,Vis4AM
Home4A,612,1884,Vis4AM
Home4A,636,1884,Vis4AM
Home4A,638,1884,Vis4AM
Home4A,659,1884,Vis4AM
Home4A,671,1884,Vis4AM
Home4A,722,1884,Vis4AM
Home4A,772,1884,Vis4AM
Home4A,776,1884,Vis4AM
Home4A,792,1884,Vis4AM
Home4A,811,1884,Vis4AM
Home4A,835,1884,Vis4AM
Home4A,868,1884,Vis4AM
Home4A,956,1884,Vis4AM
Home4A,964,1884,Vis4AM
Home4A,318,1884,Vis4AN
Home4A,337,1884,Vis4AN
Home4A,345,1884,Vis4AN
Home4A,380,1884,Vis4AN
Home4A,389,1884,Vis4AN
Home4A,427,1884,Vis4AN
Home4A,431,1884,Vis4AN
Home4A,460,1884,Vis4AN
Home4A,467,1884,Vis4AN
Home4A,520,1884,Vis4AN
Home4A,612,1884,Vis4AN
Home4A,636,1884,Vis4AN
Home4A,638,1884,Vis4AN
Home4A,772,1884,Vis4AN
Home4A,776,1884,Vis4AN
Home4A,792,1884,Vis4AN
Home4A,811,1884,Vis4AN
Home4A,835,1884,Vis4AN
Home4A,868,1884,Vis4AN
Home4A,933,1884,Vis4AN
Home4A,956,1884,Vis4AN
Home4A,964,1884,Vis4AN
Home4A,318,1884,Vis4AO
Home4A,337,1884,Vis4AO
Home4A,380,1884,Vis4AO
Home4A,389,1884,Vis4AO
Home4A,427,1884,Vis4AO
Home4A,431,1884,Vis4AO
Home4A,460,1884,Vis4AO
Home4A,467,1884,Vis4AO
Home4A,520,1884,Vis4AO
Home4A,586,1884,Vis4AO
Home4A,612,1884,Vis4AO
Home4A,636,1884,Vis4AO
Home4A,638,1884,Vis4AO
Home4A,772,1884,Vis4AO
Home4A,776,1884,Vis4AO
Home4A,811,1884,Vis4AO
Home4A,835,1884,Vis4AO
Home4A,868,1884,Vis4AO
Home4A,901,1884,Vis4AO
Home4A,924,1884,Vis4AO
Home4A,933,1884,Vis4AO
Home4A,956,1884,Vis4AO
Home4A,964,1884,Vis4AO
Home4A,995,1884,Vis4AO
Home4A,337,1884,Vis4AP
Home4A,380,1884,Vis4AP
Home4A,427,1884,Vis4AP
Home4A,431,1884,Vis4AP
Home4A,460,1884,Vis4AP
Home4A,467,1884,Vis4AP
Home4A,520,1884,Vis4AP
Home4A,586,1884,Vis4AP
Home4A,612,1884,Vis4AP
Home4A,636,1884,Vis4AP
Home4A,638,1884,Vis4AP
Home4A,659,1884,Vis4AP
Home4A,722,1884,Vis4AP
Home4A,772,1884,Vis4AP
Home4A,776,1884,Vis4AP
Home4A,811,1884,Vis4AP
Home4A,835,1884,Vis4AP
Home4A,868,1884,Vis4AP
Home4A,901,1884,Vis4AP
Home4A,933,1884,Vis4AP
Home4A,956,1884,Vis4AP
Home4A,964,1884,Vis4AP
Home4A,318,1884,Vis4AQ
Home4A,337,1884,Vis4AQ
Home4A,380,1884,Vis4AQ
Home4A,427,1884,Vis4AQ
Home4A,431,1884,Vis4AQ
Home4A,460,1884,Vis4AQ
Home4A,467,1884,Vis4AQ
Home4A,520,1884,Vis4AQ
Home4A,586,1884,Vis4AQ
Home4A,612,1884,Vis4AQ
Home4A,636,1884,Vis4AQ
Home4A,638,1884,Vis4AQ
Home4A,722,1884,Vis4AQ
Home4A,772,1884,Vis4AQ
Home4A,776,1884,Vis4AQ
Home4A,835,1884,Vis4AQ
Home4A,868,1884,Vis4AQ
Home4A,873,1884,Vis4AQ
Home4A,901,1884,Vis4AQ
Home4A,948,1884,Vis4AQ
Home4A,956,1884,Vis4AQ
Home4A,964,1884,Vis4AQ
Home4A,987,1884,Vis4AQ
Home4A,995,1884,Vis4AQ
Home4A,337,1884,Vis4AR
Home4A,380,1884,Vis4AR
Home4A,427,1884,Vis4AR
Home4A,431,1884,Vis4AR
Home4A,460,1884,Vis4AR
Home4A,467,1884,Vis4AR
Home4A,520,1884,Vis4AR
Home4A,586,1884,Vis4AR
Home4A,612,1884,Vis4AR
Home4A,636,1884,Vis4AR
Home4A,638,1884,Vis4AR
Home4A,722,1884,Vis4AR
Home4A,772,1884,Vis4AR
Home4A,776,1884,Vis4AR
Home4A,835,1884,Vis4AR
Home4A,868,1884,Vis4AR
Home4A,873,1884,Vis4AR
Home4A,933,1884,Vis4AR
Home4A,956,1884,Vis4AR
Home4A,964,1884,Vis4AR
Home4A,987,1884,Vis4AR
Home4A,995,1884,Vis4AR
Home4A,337,1884,Vis4AS
Home4A,420,1884,Vis4AS
Home4A,431,1884,Vis4AS
Home4A,460,1884,Vis4AS
Home4A,467,1884,Vis4AS
Home4A,520,1884,Vis4AS
Home4A,586,1884,Vis4AS
Home4A,636,1884,Vis4AS
Home4A,638,1884,Vis4AS
Home4A,659,1884,Vis4AS
Home4A,677,1884,Vis4AS
Home4A,722,1884,Vis4AS
Home4A,772,1884,Vis4AS
Home4A,776,1884,Vis4AS
Home4A,868,1884,Vis4AS
Home4A,873,1884,Vis4AS
Home4A,879,1884,Vis4AS
Home4A,933,1884,Vis4AS
Home4A,948,1884,Vis4AS
Home4A,987,1884,Vis4AS
Home4A,995,1884,Vis4AS
Home4A,337,1884,Vis4AT
Home4A,380,1884,Vis4AT
Home4A,420,1884,Vis4AT
Home4A,448,1884,Vis4AT
Home4A,460,1884,Vis4AT
Home4A,467,1884,Vis4AT
Home4A,520,1884,Vis4AT
Home4A,586,1884,Vis4AT
Home4A,612,1884,Vis4AT
Home4A,636,1884,Vis4AT
Home4A,638,1884,Vis4AT
Home4A,776,1884,Vis4AT
Home4A,835,1884,Vis4AT
Home4A,843,1884,Vis4AT
Home4A,868,1884,Vis4AT
Home4A,873,1884,Vis4AT
Home4A,879,1884,Vis4AT
Home4A,920,1884,Vis4AT
Home4A,933,1884,Vis4AT
Home4A,948,1884,Vis4AT
Home4A,956,1884,Vis4AT
Home4A,964,1884,Vis4AT
Home4A,995,1884,Vis4AT
Home4A,337,1884,Vis4AU
Home4A,380,1884,Vis4AU
Home4A,404,1884,Vis4AU
Home4A,420,1884,Vis4AU
Home4A,460,1884,Vis4AU
Home4A,520,1884,Vis4AU
Home4A,561,1884,Vis4AU
Home4A,586,1884,Vis4AU
Home4A,638,1884,Vis4AU
Home4A,677,1884,Vis4AU
Home4A,722,1884,Vis4AU
Home4A,728,1884,Vis4AU
Home4A,772,1884,Vis4AU
Home4A,776,1884,Vis4AU
Home4A,835,1884,Vis4AU
Home4A,843,1884,Vis4AU
Home4A,868,1884,Vis4AU
Home4A,873,1884,Vis4AU
Home4A,879,1884,Vis4AU
Home4A,920,1884,Vis4AU
Home4A,933,1884,Vis4AU
Home4A,948,1884,Vis4AU
Home4A,956,1884,Vis4AU
Home4A,987,1884,Vis4AU
Home4A,995,1884,Vis4AU
Home4A,998,1884,Vis4AU
Home4A,337,1884,Vis4AV
Home4A,380,1884,Vis4AV
Home4A,404,1884,Vis4AV
Home4A,448,1884,Vis4AV
Home4A,460,1884,Vis4AV
Home4A,502,1884,Vis4AV
Home4A,520,1884,Vis4AV
Home4A,586,1884,Vis4AV
Home4A,638,1884,Vis4AV
Home4A,674,1884,Vis4AV
Home4A,677,1884,Vis4AV
Home4A,772,1884,Vis4AV
Home4A,835,1884,Vis4AV
Home4A,843,1884,Vis4AV
Home4A,868,1884,Vis4AV
Home4A,873,1884,Vis4AV
Home4A,879,1884,Vis4AV
Home4A,920,1884,Vis4AV
Home4A,933,1884,Vis4AV
Home4A,956,1884,Vis4AV
Home4A,978,1884,Vis4AV
Home4A,987,1884,Vis4AV
Home4A,995,1884,Vis4AV
Home4A,998,1884,Vis4AV
Home4A,337,1884,Vis4AW
Home4A,404,1884,Vis4AW
Home4A,420,1884,Vis4AW
Home4A,448,1884,Vis4AW
Home4A,460,1884,Vis4AW
Home4A,502,1884,Vis4AW
Home4A,586,1884,Vis4AW
Home4A,638,1884,Vis4AW
Home4A,674,1884,Vis4AW
Home4A,677,1884,Vis4AW
Home4A,722,1884,Vis4AW
Home4A,772,1884,Vis4AW
Home4A,835,1884,Vis4AW
Home4A,873,1884,Vis4AW
Home4A,879,1884,Vis4AW
Home4A,920,1884,Vis4AW
Home4A,924,1884,Vis4AW
Home4A,933,1884,Vis4AW
Home4A,978,1884,Vis4AW
Home4A,987,1884,Vis4AW
Home4A,998,1884,Vis4AW
Home4A,337,1884,Vis4AX
Home4A,404,1884,Vis4AX
Home4A,420,1884,Vis4AX
Home4A,460,1884,Vis4AX
Home4A,484,1884,Vis4AX
Home4A,502,1884,Vis4AX
Home4A,520,1884,Vis4AX
Home4A,586,1884,Vis4AX
Home4A,612,1884,Vis4AX
Home4A,624,1884,Vis4AX
Home4A,636,1884,Vis4AX
Home4A,638,1884,Vis4AX
Home4A,674,1884,Vis4AX
Home4A,677,1884,Vis4AX
Home4A,772,1884,Vis4AX
Home4A,835,1884,Vis4AX
Home4A,843,1884,Vis4AX
Home4A,868,1884,Vis4AX
Home4A,873,1884,Vis4AX
Home4A,879,1884,Vis4AX
Home4A,901,1884,Vis4AX
Home4A,920,1884,Vis4AX
Home4A,924,1884,Vis4AX
Home4A,947,1884,Vis4AX
Home4A,978,1884,Vis4AX
Home4A,987,1884,Vis4AX
Home4A,337,1884,Vis4AY
Home4A,404,1884,Vis4AY
Home4A,460,1884,Vis4AY
Home4A,502,1884,Vis4AY
Home4A,586,1884,Vis4AY
Home4A,638,1884,Vis4AY
Home4A,674,1884,Vis4AY
Home4A,677,1884,Vis4AY
Home4A,719,1884,Vis4AY
Home4A,772,1884,Vis4AY
Home4A,776,1884,Vis4AY
Home4A,835,1884,Vis4AY
Home4A,843,1884,Vis4AY
Home4A,873,1884,Vis4AY
Home4A,901,1884,Vis4AY
Home4A,918,1884,Vis4AY
Home4A,920,1884,Vis4AY
Home4A,947,1884,Vis4AY
Home4A,948,1884,Vis4AY
Home4A,956,1884,Vis4AY
Home4A,978,1884,Vis4AY
Home4A,337,1884,Vis4AZ
Home4A,404,1884,Vis4AZ
Home4A,460,1884,Vis4AZ
Home4A,484,1884,Vis4AZ
Home4A,502,1884,Vis4AZ
Home4A,586,1884,Vis4AZ
Home4A,612,1884,Vis4AZ
Home4A,638,1884,Vis4AZ
Home4A,677,1884,Vis4AZ
Home4A,719,1884,Vis4AZ
Home4A,772,1884,Vis4AZ
Home4A,776,1884,Vis4AZ
Home4A,835,1884,Vis4AZ
Home4A,843,1884,Vis4AZ
Home4A,873,1884,Vis4AZ
Home4A,901,1884,Vis4AZ
Home4A,918,1884,Vis4AZ
Home4A,920,1884,Vis4AZ
Home4A,933,1884,Vis4AZ
Home4A,956,1884,Vis4AZ
Home4A,978,1884,Vis4AZ
Home4A,987,1884,Vis4AZ
Home4A,337,1884,Vis4BA
Home4A,502,1884,Vis4BA
Home4A,520,1884,Vis4BA
Home4A,586,1884,Vis4BA
Home4A,612,1884,Vis4BA
Home4A,638,1884,Vis4BA
Home4A,677,1884,Vis4BA
Home4A,702,1884,Vis4BA
Home4A,719,1884,Vis4BA
Home4A,776,1884,Vis4BA
Home4A,835,1884,Vis4BA
Home4A,843,1884,Vis4BA
Home4A,861,1884,Vis4BA
Home4A,873,1884,Vis4BA
Home4A,879,1884,Vis4BA
Home4A,918,1884,Vis4BA
Home4A,920,1884,Vis4BA
Home4A,924,1884,Vis4BA
Home4A,947,1884,Vis4BA
Home4A,948,1884,Vis4BA
Home4A,978,1884,Vis4BA
Home4A,987,1884,Vis4BA
Home4A,337,1884,Vis4BB
Home4A,502,1884,Vis4BB
Home4A,520,1884,Vis4BB
Home4A,586,1884,Vis4BB
Home4A,638,1884,Vis4BB
Home4A,674,1884,Vis4BB
Home4A,677,1884,Vis4BB
Home4A,702,1884,Vis4BB
Home4A,719,1884,Vis4BB
Home4A,722,1884,Vis4BB
Home4A,772,1884,Vis4BB
Home4A,776,1884,Vis4BB
Home4A,835,1884,Vis4BB
Home4A,861,1884,Vis4BB
Home4A,879,1884,Vis4BB
Home4A,918,1884,Vis4BB
Home4A,920,1884,Vis4BB
Home4A,924,1884,Vis4BB
Home4A,933,1884,Vis4BB
Home4A,947,1884,Vis4BB
Home4A,948,1884,Vis4BB
Home4A,978,1884,Vis4BB
Home4A,987,1884,Vis4BB
Home4A,337,1884,Vis4BC
Home4A,380,1884,Vis4BC
Home4A,389,1884,Vis4BC
Home4A,427,1884,Vis4BC
Home4A,502,1884,Vis4BC
Home4A,586,1884,Vis4BC
Home4A,612,1884,Vis4BC
Home4A,638,1884,Vis4BC
Home4A,702,1884,Vis4BC
Home4A,722,1884,Vis4BC
Home4A,772,1884,Vis4BC
Home4A,776,1884,Vis4BC
Home4A,835,1884,Vis4BC
Home4A,861,1884,Vis4BC
Home4A,873,1884,Vis4BC
Home4A,901,1884,Vis4BC
Home4A,918,1884,Vis4BC
Home4A,920,1884,Vis4BC
Home4A,948,1884,Vis4BC
Home4A,337,1884,Vis4BD
Home4A,345,1884,Vis4BD
Home4A,427,1884,Vis4BD
Home4A,448,1884,Vis4BD
Home4A,484,1884,Vis4BD
Home4A,502,1884,Vis4BD
Home4A,586,1884,Vis4BD
Home4A,638,1884,Vis4BD
Home4A,674,1884,Vis4BD
Home4A,677,1884,Vis4BD
Home4A,702,1884,Vis4BD
Home4A,719,1884,Vis4BD
Home4A,722,1884,Vis4BD
Home4A,772,1884,Vis4BD
Home4A,776,1884,Vis4BD
Home4A,835,1884,Vis4BD
Home4A,843,1884,Vis4BD
Home4A,873,1884,Vis4BD
Home4A,900,1884,Vis4BD
Home4A,901,1884,Vis4BD
Home4A,918,1884,Vis4BD
Home4A,920,1884,Vis4BD
Home4A,933,1884,Vis4BD
Home4A,947,1884,Vis4BD
Home4A,978,1884,Vis4BD
Home4A,345,1884,Vis4BE
Home4A,427,1884,Vis4BE
Home4A,502,1884,Vis4BE
Home4A,572,1884,Vis4BE
Home4A,585,1884,Vis4BE
Home4A,586,1884,Vis4BE
Home4A,638,1884,Vis4BE
Home4A,674,1884,Vis4BE
Home4A,677,1884,Vis4BE
Home4A,702,1884,Vis4BE
Home4A,719,1884,Vis4BE
Home4A,722,1884,Vis4BE
Home4A,776,1884,Vis4BE
Home4A,835,1884,Vis4BE
Home4A,843,1884,Vis4BE
Home4A,861,1884,Vis4BE
Home4A,873,1884,Vis4BE
Home4A,918,1884,Vis4BE
Home4A,924,1884,Vis4BE
Home4A,947,1884,Vis4BE
Home4A,978,1884,Vis4BE
Home3A,337,1883,Vis3AB
Home3A,345,1883,Vis3AB
Home3A,389,1883,Vis3AB
Home3A,394,1883,Vis3AB
Home3A,427,1883,Vis3AB
Home3A,460,1883,Vis3AB
Home3A,461,1883,Vis3AB
Home3A,475,1883,Vis3AB
Home3A,530,1883,Vis3AB
Home3A,547,1883,Vis3AB
Home3A,596,1883,Vis3AB
Home3A,645,1883,Vis3AB
Home3A,677,1883,Vis3AB
Home3A,719,1883,Vis3AB
Home3A,769,1883,Vis3AB
Home3A,772,1883,Vis3AB
Home3A,879,1883,Vis3AB
Home3A,920,1883,Vis3AB
Home3A,966,1883,Vis3AB
Home3A,972,1883,Vis3AB
Home3A,337,1883,Vis3AC
Home3A,345,1883,Vis3AC
Home3A,394,1883,Vis3AC
Home3A,404,1883,Vis3AC
Home3A,427,1883,Vis3AC
Home3A,460,1883,Vis3AC
Home3A,461,1883,Vis3AC
Home3A,475,1883,Vis3AC
Home3A,480,1883,Vis3AC
Home3A,530,1883,Vis3AC
Home3A,547,1883,Vis3AC
Home3A,719,1883,Vis3AC
Home3A,839,1883,Vis3AC
Home3A,879,1883,Vis3AC
Home3A,893,1883,Vis3AC
Home3A,920,1883,Vis3AC
Home3A,947,1883,Vis3AC
Home3A,972,1883,Vis3AC
Home3A,337,1883,Vis3AD
Home3A,345,1883,Vis3AD
Home3A,404,1883,Vis3AD
Home3A,427,1883,Vis3AD
Home3A,460,1883,Vis3AD
Home3A,461,1883,Vis3AD
Home3A,475,1883,Vis3AD
Home3A,547,1883,Vis3AD
Home3A,768,1883,Vis3AD
Home3A,769,1883,Vis3AD
Home3A,786,1883,Vis3AD
Home3A,879,1883,Vis3AD
Home3A,893,1883,Vis3AD
Home3A,920,1883,Vis3AD
Home3A,966,1883,Vis3AD
Home3A,972,1883,Vis3AD
Home3A,337,1883,Vis3AE
Home3A,345,1883,Vis3AE
Home3A,404,1883,Vis3AE
Home3A,427,1883,Vis3AE
Home3A,460,1883,Vis3AE
Home3A,461,1883,Vis3AE
Home3A,475,1883,Vis3AE
Home3A,547,1883,Vis3AE
Home3A,720,1883,Vis3AE
Home3A,768,1883,Vis3AE
Home3A,769,1883,Vis3AE
Home3A,786,1883,Vis3AE
Home3A,839,1883,Vis3AE
Home3A,879,1883,Vis3AE
Home3A,893,1883,Vis3AE
Home3A,920,1883,Vis3AE
Home3A,966,1883,Vis3AE
Home3A,972,1883,Vis3AE
Home3A,337,1883,Vis3AF
Home3A,345,1883,Vis3AF
Home3A,404,1883,Vis3AF
Home3A,427,1883,Vis3AF
Home3A,460,1883,Vis3AF
Home3A,461,1883,Vis3AF
Home3A,475,1883,Vis3AF
Home3A,547,1883,Vis3AF
Home3A,645,1883,Vis3AF
Home3A,671,1883,Vis3AF
Home3A,677,1883,Vis3AF
Home3A,768,1883,Vis3AF
Home3A,769,1883,Vis3AF
Home3A,772,1883,Vis3AF
Home3A,786,1883,Vis3AF
Home3A,839,1883,Vis3AF
Home3A,893,1883,Vis3AF
Home3A,920,1883,Vis3AF
Home3A,947,1883,Vis3AF
Home3A,987,1883,Vis3AF
Home3A,337,1884,Vis3AG
Home3A,345,1884,Vis3AG
Home3A,404,1884,Vis3AG
Home3A,433,1884,Vis3AG
Home3A,436,1884,Vis3AG
Home3A,442,1884,Vis3AG
Home3A,475,1884,Vis3AG
Home3A,547,1884,Vis3AG
Home3A,565,1884,Vis3AG
Home3A,567,1884,Vis3AG
Home3A,572,1884,Vis3AG
Home3A,651,1884,Vis3AG
Home3A,674,1884,Vis3AG
Home3A,677,1884,Vis3AG
Home3A,719,1884,Vis3AG
Home3A,786,1884,Vis3AG
Home3A,891,1884,Vis3AG
Home3A,893,1884,Vis3AG
Home3A,900,1884,Vis3AG
Home3A,947,1884,Vis3AG
Home3A,966,1884,Vis3AG
Home3A,975,1884,Vis3AG
Home3A,978,1884,Vis3AG
Home3A,987,1884,Vis3AG
Home3A,308,1884,Vis3AH
Home3A,404,1884,Vis3AH
Home3A,433,1884,Vis3AH
Home3A,442,1884,Vis3AH
Home3A,475,1884,Vis3AH
Home3A,547,1884,Vis3AH
Home3A,565,1884,Vis3AH
Home3A,567,1884,Vis3AH
Home3A,572,1884,Vis3AH
Home3A,651,1884,Vis3AH
Home3A,673,1884,Vis3AH
Home3A,674,1884,Vis3AH
Home3A,677,1884,Vis3AH
Home3A,719,1884,Vis3AH
Home3A,786,1884,Vis3AH
Home3A,879,1884,Vis3AH
Home3A,891,1884,Vis3AH
Home3A,900,1884,Vis3AH
Home3A,936,1884,Vis3AH
Home3A,978,1884,Vis3AH
Home3A,987,1884,Vis3AH
Home3A,308,1884,Vis3AI
Home3A,345,1884,Vis3AI
Home3A,404,1884,Vis3AI
Home3A,433,1884,Vis3AI
Home3A,436,1884,Vis3AI
Home3A,442,1884,Vis3AI
Home3A,475,1884,Vis3AI
Home3A,547,1884,Vis3AI
Home3A,565,1884,Vis3AI
Home3A,567,1884,Vis3AI
Home3A,572,1884,Vis3AI
Home3A,651,1884,Vis3AI
Home3A,673,1884,Vis3AI
Home3A,677,1884,Vis3AI
Home3A,719,1884,Vis3AI
Home3A,786,1884,Vis3AI
Home3A,879,1884,Vis3AI
Home3A,891,1884,Vis3AI
Home3A,893,1884,Vis3AI
Home3A,900,1884,Vis3AI
Home3A,947,1884,Vis3AI
Home3A,966,1884,Vis3AI
Home3A,975,1884,Vis3AI
Home3A,987,1884,Vis3AI
Home3A,308,1884,Vis3AJ
Home3A,345,1884,Vis3AJ
Home3A,404,1884,Vis3AJ
Home3A,433,1884,Vis3AJ
Home3A,442,1884,Vis3AJ
Home3A,475,1884,Vis3AJ
Home3A,547,1884,Vis3AJ
Home3A,565,1884,Vis3AJ
Home3A,572,1884,Vis3AJ
Home3A,620,1884,Vis3AJ
Home3A,651,1884,Vis3AJ
Home3A,673,1884,Vis3AJ
Home3A,674,1884,Vis3AJ
Home3A,677,1884,Vis3AJ
Home3A,719,1884,Vis3AJ
Home3A,786,1884,Vis3AJ
Home3A,873,1884,Vis3AJ
Home3A,879,1884,Vis3AJ
Home3A,891,1884,Vis3AJ
Home3A,900,1884,Vis3AJ
Home3A,947,1884,Vis3AJ
Home3A,966,1884,Vis3AJ
Home3A,975,1884,Vis3AJ
Home3A,987,1884,Vis3AJ
Home3A,308,1884,Vis3AK
Home3A,345,1884,Vis3AK
Home3A,404,1884,Vis3AK
Home3A,433,1884,Vis3AK
Home3A,436,1884,Vis3AK
Home3A,442,1884,Vis3AK
Home3A,475,1884,Vis3AK
Home3A,547,1884,Vis3AK
Home3A,565,1884,Vis3AK
Home3A,572,1884,Vis3AK
Home3A,620,1884,Vis3AK
Home3A,651,1884,Vis3AK
Home3A,674,1884,Vis3AK
Home3A,677,1884,Vis3AK
Home3A,719,1884,Vis3AK
Home3A,786,1884,Vis3AK
Home3A,808,1884,Vis3AK
Home3A,879,1884,Vis3AK
Home3A,947,1884,Vis3AK
Home3A,975,1884,Vis3AK
Home3A,345,1884,Vis3AL
Home3A,404,1884,Vis3AL
Home3A,433,1884,Vis3AL
Home3A,436,1884,Vis3AL
Home3A,442,1884,Vis3AL
Home3A,475,1884,Vis3AL
Home3A,544,1884,Vis3AL
Home3A,547,1884,Vis3AL
Home3A,565,1884,Vis3AL
Home3A,572,1884,Vis3AL
Home3A,585,1884,Vis3AL
Home3A,620,1884,Vis3AL
Home3A,651,1884,Vis3AL
Home3A,674,1884,Vis3AL
Home3A,719,1884,Vis3AL
Home3A,786,1884,Vis3AL
Home3A,808,1884,Vis3AL
Home3A,849,1884,Vis3AL
Home3A,891,1884,Vis3AL
Home3A,900,1884,Vis3AL
Home3A,947,1884,Vis3AL
Home3A,966,1884,Vis3AL
Home3A,975,1884,Vis3AL
Home3A,978,1884,Vis3AL
Home3A,334,1884,Vis3AM
Home3A,345,1884,Vis3AM
Home3A,433,1884,Vis3AM
Home3A,436,1884,Vis3AM
Home3A,442,1884,Vis3AM
Home3A,475,1884,Vis3AM
Home3A,544,1884,Vis3AM
Home3A,547,1884,Vis3AM
Home3A,572,1884,Vis3AM
Home3A,585,1884,Vis3AM
Home3A,620,1884,Vis3AM
Home3A,651,1884,Vis3AM
Home3A,674,1884,Vis3AM
Home3A,702,1884,Vis3AM
Home3A,786,1884,Vis3AM
Home3A,808,1884,Vis3AM
Home3A,811,1884,Vis3AM
Home3A,849,1884,Vis3AM
Home3A,891,1884,Vis3AM
Home3A,900,1884,Vis3AM
Home3A,947,1884,Vis3AM
Home3A,966,1884,Vis3AM
Home3A,975,1884,Vis3AM
Home3A,334,1884,Vis3AN
Home3A,345,1884,Vis3AN
Home3A,433,1884,Vis3AN
Home3A,436,1884,Vis3AN
Home3A,442,1884,Vis3AN
Home3A,475,1884,Vis3AN
Home3A,544,1884,Vis3AN
Home3A,547,1884,Vis3AN
Home3A,572,1884,Vis3AN
Home3A,585,1884,Vis3AN
Home3A,620,1884,Vis3AN
Home3A,651,1884,Vis3AN
Home3A,674,1884,Vis3AN
Home3A,702,1884,Vis3AN
Home3A,786,1884,Vis3AN
Home3A,808,1884,Vis3AN
Home3A,811,1884,Vis3AN
Home3A,849,1884,Vis3AN
Home3A,891,1884,Vis3AN
Home3A,900,1884,Vis3AN
Home3A,947,1884,Vis3AN
Home3A,975,1884,Vis3AN
Home3A,334,1884,Vis3AO
Home3A,345,1884,Vis3AO
Home3A,436,1884,Vis3AO
Home3A,442,1884,Vis3AO
Home3A,475,1884,Vis3AO
Home3A,544,1884,Vis3AO
Home3A,547,1884,Vis3AO
Home3A,550,1884,Vis3AO
Home3A,572,1884,Vis3AO
Home3A,585,1884,Vis3AO
Home3A,620,1884,Vis3AO
Home3A,651,1884,Vis3AO
Home3A,702,1884,Vis3AO
Home3A,786,1884,Vis3AO
Home3A,808,1884,Vis3AO
Home3A,811,1884,Vis3AO
Home3A,849,1884,Vis3AO
Home3A,891,1884,Vis3AO
Home3A,900,1884,Vis3AO
Home3A,947,1884,Vis3AO
Home3A,966,1884,Vis3AO
Home3A,975,1884,Vis3AO
Home3A,334,1884,Vis3AP
Home3A,345,1884,Vis3AP
Home3A,356,1884,Vis3AP
Home3A,436,1884,Vis3AP
Home3A,442,1884,Vis3AP
Home3A,475,1884,Vis3AP
Home3A,544,1884,Vis3AP
Home3A,547,1884,Vis3AP
Home3A,550,1884,Vis3AP
Home3A,572,1884,Vis3AP
Home3A,585,1884,Vis3AP
Home3A,620,1884,Vis3AP
Home3A,651,1884,Vis3AP
Home3A,702,1884,Vis3AP
Home3A,719,1884,Vis3AP
Home3A,786,1884,Vis3AP
Home3A,808,1884,Vis3AP
Home3A,849,1884,Vis3AP
Home3A,891,1884,Vis3AP
Home3A,893,1884,Vis3AP
Home3A,900,1884,Vis3AP
Home3A,966,1884,Vis3AP
Home3A,334,1884,Vis3AQ
Home3A,345,1884,Vis3AQ
Home3A,356,1884,Vis3AQ
Home3A,433,1884,Vis3AQ
Home3A,436,1884,Vis3AQ
Home3A,442,1884,Vis3AQ
Home3A,475,1884,Vis3AQ
Home3A,544,1884,Vis3AQ
Home3A,547,1884,Vis3AQ
Home3A,550,1884,Vis3AQ
Home3A,572,1884,Vis3AQ
Home3A,585,1884,Vis3AQ
Home3A,620,1884,Vis3AQ
Home3A,651,1884,Vis3AQ
Home3A,702,1884,Vis3AQ
Home3A,786,1884,Vis3AQ
Home3A,808,1884,Vis3AQ
Home3A,849,1884,Vis3AQ
Home3A,879,1884,Vis3AQ
Home3A,891,1884,Vis3AQ
Home3A,893,1884,Vis3AQ
Home3A,900,1884,Vis3AQ
Home3A,966,1884,Vis3AQ
Home3A,334,1884,Vis3AR
Home3A,345,1884,Vis3AR
Home3A,356,1884,Vis3AR
Home3A,436,1884,Vis3AR
Home3A,442,1884,Vis3AR
Home3A,475,1884,Vis3AR
Home3A,544,1884,Vis3AR
Home3A,547,1884,Vis3AR
Home3A,550,1884,Vis3AR
Home3A,572,1884,Vis3AR
Home3A,585,1884,Vis3AR
Home3A,651,1884,Vis3AR
Home3A,673,1884,Vis3AR
Home3A,702,1884,Vis3AR
Home3A,786,1884,Vis3AR
Home3A,808,1884,Vis3AR
Home3A,879,1884,Vis3AR
Home3A,891,1884,Vis3AR
Home3A,893,1884,Vis3AR
Home3A,900,1884,Vis3AR
Home3A,345,1884,Vis3AS
Home3A,356,1884,Vis3AS
Home3A,436,1884,Vis3AS
Home3A,442,1884,Vis3AS
Home3A,456,1884,Vis3AS
Home3A,475,1884,Vis3AS
Home3A,492,1884,Vis3AS
Home3A,544,1884,Vis3AS
Home3A,547,1884,Vis3AS
Home3A,549,1884,Vis3AS
Home3A,550,1884,Vis3AS
Home3A,572,1884,Vis3AS
Home3A,585,1884,Vis3AS
Home3A,651,1884,Vis3AS
Home3A,786,1884,Vis3AS
Home3A,808,1884,Vis3AS
Home3A,849,1884,Vis3AS
Home3A,891,1884,Vis3AS
Home3A,893,1884,Vis3AS
Home3A,900,1884,Vis3AS
Home3A,936,1884,Vis3AS
Home3A,949,1884,Vis3AS
Home3A,993,1884,Vis3AS
Home3A,345,1884,Vis3AT
Home3A,356,1884,Vis3AT
Home3A,436,1884,Vis3AT
Home3A,456,1884,Vis3AT
Home3A,475,1884,Vis3AT
Home3A,492,1884,Vis3AT
Home3A,513,1884,Vis3AT
Home3A,544,1884,Vis3AT
Home3A,547,1884,Vis3AT
Home3A,549,1884,Vis3AT
Home3A,572,1884,Vis3AT
Home3A,585,1884,Vis3AT
Home3A,651,1884,Vis3AT
Home3A,786,1884,Vis3AT
Home3A,808,1884,Vis3AT
Home3A,849,1884,Vis3AT
Home3A,879,1884,Vis3AT
Home3A,891,1884,Vis3AT
Home3A,893,1884,Vis3AT
Home3A,900,1884,Vis3AT
Home3A,936,1884,Vis3AT
Home3A,949,1884,Vis3AT
Home3A,993,1884,Vis3AT
Home3A,345,1884,Vis3AU
Home3A,356,1884,Vis3AU
Home3A,433,1884,Vis3AU
Home3A,475,1884,Vis3AU
Home3A,492,1884,Vis3AU
Home3A,513,1884,Vis3AU
Home3A,544,1884,Vis3AU
Home3A,547,1884,Vis3AU
Home3A,549,1884,Vis3AU
Home3A,572,1884,Vis3AU
Home3A,585,1884,Vis3AU
Home3A,651,1884,Vis3AU
Home3A,786,1884,Vis3AU
Home3A,808,1884,Vis3AU
Home3A,849,1884,Vis3AU
Home3A,879,1884,Vis3AU
Home3A,891,1884,Vis3AU
Home3A,900,1884,Vis3AU
Home3A,936,1884,Vis3AU
Home3A,947,1884,Vis3AU
Home3A,949,1884,Vis3AU
Home3A,993,1884,Vis3AU
Home3A,356,1884,Vis3AV
Home3A,436,1884,Vis3AV
Home3A,442,1884,Vis3AV
Home3A,475,1884,Vis3AV
Home3A,492,1884,Vis3AV
Home3A,513,1884,Vis3AV
Home3A,544,1884,Vis3AV
Home3A,547,1884,Vis3AV
Home3A,550,1884,Vis3AV
Home3A,572,1884,Vis3AV
Home3A,585,1884,Vis3AV
Home3A,651,1884,Vis3AV
Home3A,786,1884,Vis3AV
Home3A,808,1884,Vis3AV
Home3A,849,1884,Vis3AV
Home3A,891,1884,Vis3AV
Home3A,893,1884,Vis3AV
Home3A,900,1884,Vis3AV
Home3A,949,1884,Vis3AV
Home3A,973,1884,Vis3AV
Home3A,993,1884,Vis3AV
Home2A,308,1883,Vis2AB
Home2A,334,1883,Vis2AB
Home2A,394,1883,Vis2AB
Home2A,442,1883,Vis2AB
Home2A,544,1883,Vis2AB
Home2A,550,1883,Vis2AB
Home2A,558,1883,Vis2AB
Home2A,637,1883,Vis2AB
Home2A,647,1883,Vis2AB
Home2A,651,1883,Vis2AB
Home2A,702,1883,Vis2AB
Home2A,798,1883,Vis2AB
Home2A,827,1883,Vis2AB
Home2A,975,1883,Vis2AB
Home2A,993,1883,Vis2AB
Home2A,334,1883,Vis2AC
Home2A,340,1883,Vis2AC
Home2A,386,1883,Vis2AC
Home2A,394,1883,Vis2AC
Home2A,436,1883,Vis2AC
Home2A,442,1883,Vis2AC
Home2A,544,1883,Vis2AC
Home2A,549,1883,Vis2AC
Home2A,550,1883,Vis2AC
Home2A,637,1883,Vis2AC
Home2A,642,1883,Vis2AC
Home2A,647,1883,Vis2AC
Home2A,651,1883,Vis2AC
Home2A,673,1883,Vis2AC
Home2A,702,1883,Vis2AC
Home2A,798,1883,Vis2AC
Home2A,827,1883,Vis2AC
Home2A,923,1883,Vis2AC
Home2A,975,1883,Vis2AC
Home2A,993,1883,Vis2AC
Home2A,308,1883,Vis2AD
Home2A,322,1883,Vis2AD
Home2A,334,1883,Vis2AD
Home2A,340,1883,Vis2AD
Home2A,394,1883,Vis2AD
Home2A,442,1883,Vis2AD
Home2A,456,1883,Vis2AD
Home2A,479,1883,Vis2AD
Home2A,544,1883,Vis2AD
Home2A,637,1883,Vis2AD
Home2A,647,1883,Vis2AD
Home2A,651,1883,Vis2AD
Home2A,673,1883,Vis2AD
Home2A,702,1883,Vis2AD
Home2A,798,1883,Vis2AD
Home2A,827,1883,Vis2AD
Home2A,975,1883,Vis2AD
Home2A,993,1883,Vis2AD
Home2A,308,1883,Vis2AE
Home2A,334,1883,Vis2AE
Home2A,394,1883,Vis2AE
Home2A,436,1883,Vis2AE
Home2A,442,1883,Vis2AE
Home2A,544,1883,Vis2AE
Home2A,549,1883,Vis2AE
Home2A,550,1883,Vis2AE
Home2A,637,1883,Vis2AE
Home2A,647,1883,Vis2AE
Home2A,651,1883,Vis2AE
Home2A,673,1883,Vis2AE
Home2A,702,1883,Vis2AE
Home2A,798,1883,Vis2AE
Home2A,827,1883,Vis2AE
Home2A,900,1883,Vis2AE
Home2A,949,1883,Vis2AE
Home2A,975,1883,Vis2AE
Home2A,993,1883,Vis2AE
Home2A,391,1884,Vis2AF
Home2A,392,1884,Vis2AF
Home2A,471,1884,Vis2AF
Home2A,492,1884,Vis2AF
Home2A,495,1884,Vis2AF
Home2A,513,1884,Vis2AF
Home2A,544,1884,Vis2AF
Home2A,549,1884,Vis2AF
Home2A,550,1884,Vis2AF
Home2A,551,1884,Vis2AF
Home2A,557,1884,Vis2AF
Home2A,576,1884,Vis2AF
Home2A,620,1884,Vis2AF
Home2A,637,1884,Vis2AF
Home2A,702,1884,Vis2AF
Home2A,787,1884,Vis2AF
Home2A,798,1884,Vis2AF
Home2A,808,1884,Vis2AF
Home2A,949,1884,Vis2AF
Home2A,961,1884,Vis2AF
Home2A,973,1884,Vis2AF
Home2A,974,1884,Vis2AF
Home2A,993,1884,Vis2AF
Home2A,344,1884,Vis2AG
Home2A,471,1884,Vis2AG
Home2A,492,1884,Vis2AG
Home2A,513,1884,Vis2AG
Home2A,544,1884,Vis2AG
Home2A,549,1884,Vis2AG
Home2A,557,1884,Vis2AG
Home2A,576,1884,Vis2AG
Home2A,602,1884,Vis2AG
Home2A,620,1884,Vis2AG
Home2A,702,1884,Vis2AG
Home2A,787,1884,Vis2AG
Home2A,798,1884,Vis2AG
Home2A,808,1884,Vis2AG
Home2A,838,1884,Vis2AG
Home2A,949,1884,Vis2AG
Home2A,973,1884,Vis2AG
Home2A,974,1884,Vis2AG
Home2A,993,1884,Vis2AG
Home2A,305,1884,Vis2AH
Home2A,334,1884,Vis2AH
Home2A,391,1884,Vis2AH
Home2A,471,1884,Vis2AH
Home2A,492,1884,Vis2AH
Home2A,495,1884,Vis2AH
Home2A,513,1884,Vis2AH
Home2A,544,1884,Vis2AH
Home2A,557,1884,Vis2AH
Home2A,585,1884,Vis2AH
Home2A,602,1884,Vis2AH
Home2A,620,1884,Vis2AH
Home2A,702,1884,Vis2AH
Home2A,787,1884,Vis2AH
Home2A,798,1884,Vis2AH
Home2A,808,1884,Vis2AH
Home2A,949,1884,Vis2AH
Home2A,961,1884,Vis2AH
Home2A,973,1884,Vis2AH
Home2A,993,1884,Vis2AH
Home2A,334,1884,Vis2AI
Home2A,344,1884,Vis2AI
Home2A,391,1884,Vis2AI
Home2A,437,1884,Vis2AI
Home2A,471,1884,Vis2AI
Home2A,492,1884,Vis2AI
Home2A,495,1884,Vis2AI
Home2A,513,1884,Vis2AI
Home2A,544,1884,Vis2AI
Home2A,549,1884,Vis2AI
Home2A,550,1884,Vis2AI
Home2A,551,1884,Vis2AI
Home2A,557,1884,Vis2AI
Home2A,585,1884,Vis2AI
Home2A,637,1884,Vis2AI
Home2A,702,1884,Vis2AI
Home2A,798,1884,Vis2AI
Home2A,819,1884,Vis2AI
Home2A,949,1884,Vis2AI
Home2A,961,1884,Vis2AI
Home2A,973,1884,Vis2AI
Home2A,993,1884,Vis2AI
Home2A,305,1884,Vis2AJ
Home2A,334,1884,Vis2AJ
Home2A,343,1884,Vis2AJ
Home2A,391,1884,Vis2AJ
Home2A,408,1884,Vis2AJ
Home2A,437,1884,Vis2AJ
Home2A,471,1884,Vis2AJ
Home2A,492,1884,Vis2AJ
Home2A,495,1884,Vis2AJ
Home2A,513,1884,Vis2AJ
Home2A,544,1884,Vis2AJ
Home2A,549,1884,Vis2AJ
Home2A,550,1884,Vis2AJ
Home2A,551,1884,Vis2AJ
Home2A,576,1884,Vis2AJ
Home2A,602,1884,Vis2AJ
Home2A,637,1884,Vis2AJ
Home2A,639,1884,Vis2AJ
Home2A,702,1884,Vis2AJ
Home2A,798,1884,Vis2AJ
Home2A,943,1884,Vis2AJ
Home2A,949,1884,Vis2AJ
Home2A,973,1884,Vis2AJ
Home2A,993,1884,Vis2AJ
Home2A,305,1884,Vis2AK
Home2A,334,1884,Vis2AK
Home2A,343,1884,Vis2AK
Home2A,408,1884,Vis2AK
Home2A,471,1884,Vis2AK
Home2A,492,1884,Vis2AK
Home2A,495,1884,Vis2AK
Home2A,513,1884,Vis2AK
Home2A,544,1884,Vis2AK
Home2A,637,1884,Vis2AK
Home2A,639,1884,Vis2AK
Home2A,702,1884,Vis2AK
Home2A,798,1884,Vis2AK
Home2A,819,1884,Vis2AK
Home2A,849,1884,Vis2AK
Home2A,949,1884,Vis2AK
Home2A,973,1884,Vis2AK
Home2A,993,1884,Vis2AK
Home2A,334,1884,Vis2AL
Home2A,343,1884,Vis2AL
Home2A,344,1884,Vis2AL
Home2A,408,1884,Vis2AL
Home2A,437,1884,Vis2AL
Home2A,456,1884,Vis2AL
Home2A,471,1884,Vis2AL
Home2A,492,1884,Vis2AL
Home2A,495,1884,Vis2AL
Home2A,513,1884,Vis2AL
Home2A,549,1884,Vis2AL
Home2A,576,1884,Vis2AL
Home2A,615,1884,Vis2AL
Home2A,637,1884,Vis2AL
Home2A,639,1884,Vis2AL
Home2A,673,1884,Vis2AL
Home2A,702,1884,Vis2AL
Home2A,737,1884,Vis2AL
Home2A,798,1884,Vis2AL
Home2A,886,1884,Vis2AL
Home2A,913,1884,Vis2AL
Home2A,949,1884,Vis2AL
Home2A,973,1884,Vis2AL
Home2A,993,1884,Vis2AL
Home2A,343,1884,Vis2AM
Home2A,344,1884,Vis2AM
Home2A,408,1884,Vis2AM
Home2A,471,1884,Vis2AM
Home2A,492,1884,Vis2AM
Home2A,495,1884,Vis2AM
Home2A,513,1884,Vis2AM
Home2A,549,1884,Vis2AM
Home2A,565,1884,Vis2AM
Home2A,602,1884,Vis2AM
Home2A,615,1884,Vis2AM
Home2A,637,1884,Vis2AM
Home2A,639,1884,Vis2AM
Home2A,673,1884,Vis2AM
Home2A,737,1884,Vis2AM
Home2A,798,1884,Vis2AM
Home2A,886,1884,Vis2AM
Home2A,943,1884,Vis2AM
Home2A,949,1884,Vis2AM
Home2A,961,1884,Vis2AM
Home2A,973,1884,Vis2AM
Home2A,993,1884,Vis2AM
Home2A,343,1884,Vis2AN
Home2A,344,1884,Vis2AN
Home2A,408,1884,Vis2AN
Home2A,471,1884,Vis2AN
Home2A,492,1884,Vis2AN
Home2A,495,1884,Vis2AN
Home2A,513,1884,Vis2AN
Home2A,549,1884,Vis2AN
Home2A,565,1884,Vis2AN
Home2A,602,1884,Vis2AN
Home2A,615,1884,Vis2AN
Home2A,637,1884,Vis2AN
Home2A,673,1884,Vis2AN
Home2A,707,1884,Vis2AN
Home2A,737,1884,Vis2AN
Home2A,798,1884,Vis2AN
Home2A,893,1884,Vis2AN
Home2A,913,1884,Vis2AN
Home2A,943,1884,Vis2AN
Home2A,949,1884,Vis2AN
Home2A,973,1884,Vis2AN
Home2A,993,1884,Vis2AN
Home2A,344,1884,Vis2AO
Home2A,408,1884,Vis2AO
Home2A,437,1884,Vis2AO
Home2A,471,1884,Vis2AO
Home2A,473,1884,Vis2AO
Home2A,492,1884,Vis2AO
Home2A,495,1884,Vis2AO
Home2A,513,1884,Vis2AO
Home2A,549,1884,Vis2AO
Home2A,552,1884,Vis2AO
Home2A,565,1884,Vis2AO
Home2A,615,1884,Vis2AO
Home2A,637,1884,Vis2AO
Home2A,673,1884,Vis2AO
Home2A,737,1884,Vis2AO
Home2A,798,1884,Vis2AO
Home2A,886,1884,Vis2AO
Home2A,949,1884,Vis2AO
Home2A,961,1884,Vis2AO
Home2A,973,1884,Vis2AO
Home2A,993,1884,Vis2AO
Home2A,344,1884,Vis2AP
Home2A,367,1884,Vis2AP
Home2A,408,1884,Vis2AP
Home2A,471,1884,Vis2AP
Home2A,473,1884,Vis2AP
Home2A,492,1884,Vis2AP
Home2A,495,1884,Vis2AP
Home2A,513,1884,Vis2AP
Home2A,557,1884,Vis2AP
Home2A,565,1884,Vis2AP
Home2A,602,1884,Vis2AP
Home2A,615,1884,Vis2AP
Home2A,673,1884,Vis2AP
Home2A,733,1884,Vis2AP
Home2A,798,1884,Vis2AP
Home2A,886,1884,Vis2AP
Home2A,901,1884,Vis2AP
Home2A,949,1884,Vis2AP
Home2A,961,1884,Vis2AP
Home2A,973,1884,Vis2AP
Home2A,993,1884,Vis2AP
Home2A,344,1884,Vis2AQ
Home2A,367,1884,Vis2AQ
Home2A,408,1884,Vis2AQ
Home2A,437,1884,Vis2AQ
Home2A,471,1884,Vis2AQ
Home2A,473,1884,Vis2AQ
Home2A,492,1884,Vis2AQ
Home2A,495,1884,Vis2AQ
Home2A,503,1884,Vis2AQ
Home2A,513,1884,Vis2AQ
Home2A,552,1884,Vis2AQ
Home2A,557,1884,Vis2AQ
Home2A,565,1884,Vis2AQ
Home2A,602,1884,Vis2AQ
Home2A,639,1884,Vis2AQ
Home2A,673,1884,Vis2AQ
Home2A,798,1884,Vis2AQ
Home2A,943,1884,Vis2AQ
Home2A,949,1884,Vis2AQ
Home2A,973,1884,Vis2AQ
Home2A,993,1884,Vis2AQ
Home2A,344,1884,Vis2AR
Home2A,367,1884,Vis2AR
Home2A,408,1884,Vis2AR
Home2A,471,1884,Vis2AR
Home2A,473,1884,Vis2AR
Home2A,492,1884,Vis2AR
Home2A,495,1884,Vis2AR
Home2A,503,1884,Vis2AR
Home2A,513,1884,Vis2AR
Home2A,557,1884,Vis2AR
Home2A,565,1884,Vis2AR
Home2A,639,1884,Vis2AR
Home2A,655,1884,Vis2AR
Home2A,714,1884,Vis2AR
Home2A,733,1884,Vis2AR
Home2A,798,1884,Vis2AR
Home2A,886,1884,Vis2AR
Home2A,943,1884,Vis2AR
Home2A,955,1884,Vis2AR
Home2A,973,1884,Vis2AR
Home2A,993,1884,Vis2AR
Home2A,344,1884,Vis2AS
Home2A,367,1884,Vis2AS
Home2A,408,1884,Vis2AS
Home2A,471,1884,Vis2AS
Home2A,473,1884,Vis2AS
Home2A,495,1884,Vis2AS
Home2A,504,1884,Vis2AS
Home2A,513,1884,Vis2AS
Home2A,537,1884,Vis2AS
Home2A,565,1884,Vis2AS
Home2A,615,1884,Vis2AS
Home2A,639,1884,Vis2AS
Home2A,733,1884,Vis2AS
Home2A,753,1884,Vis2AS
Home2A,798,1884,Vis2AS
Home2A,886,1884,Vis2AS
Home2A,943,1884,Vis2AS
Home2A,973,1884,Vis2AS
Home2A,344,1884,Vis2AT
Home2A,367,1884,Vis2AT
Home2A,389,1884,Vis2AT
Home2A,408,1884,Vis2AT
Home2A,471,1884,Vis2AT
Home2A,513,1884,Vis2AT
Home2A,537,1884,Vis2AT
Home2A,557,1884,Vis2AT
Home2A,565,1884,Vis2AT
Home2A,615,1884,Vis2AT
Home2A,639,1884,Vis2AT
Home2A,655,1884,Vis2AT
Home2A,714,1884,Vis2AT
Home2A,733,1884,Vis2AT
Home2A,753,1884,Vis2AT
Home2A,798,1884,Vis2AT
Home2A,814,1884,Vis2AT
Home2A,859,1884,Vis2AT
Home2A,886,1884,Vis2AT
Home2A,943,1884,Vis2AT
Home2A,955,1884,Vis2AT
Home2A,961,1884,Vis2AT
Home2A,973,1884,Vis2AT
Home2A,344,1884,Vis2AU
Home2A,408,1884,Vis2AU
Home2A,427,1884,Vis2AU
Home2A,471,1884,Vis2AU
Home2A,492,1884,Vis2AU
Home2A,495,1884,Vis2AU
Home2A,504,1884,Vis2AU
Home2A,513,1884,Vis2AU
Home2A,537,1884,Vis2AU
Home2A,550,1884,Vis2AU
Home2A,557,1884,Vis2AU
Home2A,565,1884,Vis2AU
Home2A,602,1884,Vis2AU
Home2A,615,1884,Vis2AU
Home2A,639,1884,Vis2AU
Home2A,673,1884,Vis2AU
Home2A,714,1884,Vis2AU
Home2A,737,1884,Vis2AU
Home2A,753,1884,Vis2AU
Home2A,798,1884,Vis2AU
Home2A,814,1884,Vis2AU
Home2A,886,1884,Vis2AU
Home2A,943,1884,Vis2AU
Home2A,955,1884,Vis2AU
Home2A,961,1884,Vis2AU
Home2A,973,1884,Vis2AU
Home2A,993,1884,Vis2AU
Home2A,344,1884,Vis2AV
Home2A,408,1884,Vis2AV
Home2A,437,1884,Vis2AV
Home2A,470,1884,Vis2AV
Home2A,495,1884,Vis2AV
Home2A,537,1884,Vis2AV
Home2A,557,1884,Vis2AV
Home2A,565,1884,Vis2AV
Home2A,615,1884,Vis2AV
Home2A,655,1884,Vis2AV
Home2A,714,1884,Vis2AV
Home2A,733,1884,Vis2AV
Home2A,753,1884,Vis2AV
Home2A,798,1884,Vis2AV
Home2A,886,1884,Vis2AV
Home2A,943,1884,Vis2AV
Home2A,955,1884,Vis2AV
Home2A,961,1884,Vis2AV
Home2A,963,1884,Vis2AV
Home2A,973,1884,Vis2AV
Home2A,344,1884,Vis2AW
Home2A,408,1884,Vis2AW
Home2A,470,1884,Vis2AW
Home2A,473,1884,Vis2AW
Home2A,495,1884,Vis2AW
Home2A,504,1884,Vis2AW
Home2A,537,1884,Vis2AW
Home2A,550,1884,Vis2AW
Home2A,557,1884,Vis2AW
Home2A,565,1884,Vis2AW
Home2A,615,1884,Vis2AW
Home2A,627,1884,Vis2AW
Home2A,655,1884,Vis2AW
Home2A,714,1884,Vis2AW
Home2A,753,1884,Vis2AW
Home2A,798,1884,Vis2AW
Home2A,814,1884,Vis2AW
Home2A,943,1884,Vis2AW
Home2A,961,1884,Vis2AW
Home2A,963,1884,Vis2AW
Home2A,973,1884,Vis2AW
Home1A,471,1883,Vis1AB
Home1A,492,1883,Vis1AB
Home1A,495,1883,Vis1AB
Home1A,513,1883,Vis1AB
Home1A,537,1883,Vis1AB
Home1A,593,1883,Vis1AB
Home1A,594,1883,Vis1AB
Home1A,602,1883,Vis1AB
Home1A,647,1883,Vis1AB
Home1A,683,1883,Vis1AB
Home1A,807,1883,Vis1AB
Home1A,856,1883,Vis1AB
Home1A,955,1883,Vis1AB
Home1A,993,1883,Vis1AB
Home1A,442,1883,Vis1AC
Home1A,471,1883,Vis1AC
Home1A,492,1883,Vis1AC
Home1A,495,1883,Vis1AC
Home1A,513,1883,Vis1AC
Home1A,537,1883,Vis1AC
Home1A,551,1883,Vis1AC
Home1A,576,1883,Vis1AC
Home1A,594,1883,Vis1AC
Home1A,602,1883,Vis1AC
Home1A,606,1883,Vis1AC
Home1A,647,1883,Vis1AC
Home1A,807,1883,Vis1AC
Home1A,856,1883,Vis1AC
Home1A,858,1883,Vis1AC
Home1A,936,1883,Vis1AC
Home1A,993,1883,Vis1AC
Home1A,437,1883,Vis1AD
Home1A,442,1883,Vis1AD
Home1A,471,1883,Vis1AD
Home1A,492,1883,Vis1AD
Home1A,495,1883,Vis1AD
Home1A,513,1883,Vis1AD
Home1A,537,1883,Vis1AD
Home1A,594,1883,Vis1AD
Home1A,606,1883,Vis1AD
Home1A,647,1883,Vis1AD
Home1A,807,1883,Vis1AD
Home1A,856,1883,Vis1AD
Home1A,993,1883,Vis1AD
Home1A,442,1883,Vis1AE
Home1A,471,1883,Vis1AE
Home1A,492,1883,Vis1AE
Home1A,495,1883,Vis1AE
Home1A,513,1883,Vis1AE
Home1A,537,1883,Vis1AE
Home1A,551,1883,Vis1AE
Home1A,594,1883,Vis1AE
Home1A,602,1883,Vis1AE
Home1A,647,1883,Vis1AE
Home1A,807,1883,Vis1AE
Home1A,856,1883,Vis1AE
Home1A,858,1883,Vis1AE
Home1A,936,1883,Vis1AE
Home1A,993,1883,Vis1AE
Home1A,408,1883,Vis1AF
Home1A,423,1883,Vis1AF
Home1A,435,1883,Vis1AF
Home1A,437,1883,Vis1AF
Home1A,442,1883,Vis1AF
Home1A,471,1883,Vis1AF
Home1A,492,1883,Vis1AF
Home1A,495,1883,Vis1AF
Home1A,513,1883,Vis1AF
Home1A,594,1883,Vis1AF
Home1A,807,1883,Vis1AF
Home1A,856,1883,Vis1AF
Home1A,858,1883,Vis1AF
Home1A,936,1883,Vis1AF
Home1A,961,1883,Vis1AF
Home1A,974,1883,Vis1AF
Home1A,408,1883,Vis1AG
Home1A,423,1883,Vis1AG
Home1A,435,1883,Vis1AG
Home1A,437,1883,Vis1AG
Home1A,442,1883,Vis1AG
Home1A,471,1883,Vis1AG
Home1A,472,1883,Vis1AG
Home1A,492,1883,Vis1AG
Home1A,495,1883,Vis1AG
Home1A,511,1883,Vis1AG
Home1A,513,1883,Vis1AG
Home1A,551,1883,Vis1AG
Home1A,576,1883,Vis1AG
Home1A,594,1883,Vis1AG
Home1A,602,1883,Vis1AG
Home1A,683,1883,Vis1AG
Home1A,807,1883,Vis1AG
Home1A,856,1883,Vis1AG
Home1A,936,1883,Vis1AG
Home1A,955,1883,Vis1AG
Home1A,408,1883,Vis1AH
Home1A,423,1883,Vis1AH
Home1A,435,1883,Vis1AH
Home1A,471,1883,Vis1AH
Home1A,472,1883,Vis1AH
Home1A,492,1883,Vis1AH
Home1A,495,1883,Vis1AH
Home1A,513,1883,Vis1AH
Home1A,594,1883,Vis1AH
Home1A,602,1883,Vis1AH
Home1A,662,1883,Vis1AH
Home1A,683,1883,Vis1AH
Home1A,807,1883,Vis1AH
Home1A,856,1883,Vis1AH
Home1A,858,1883,Vis1AH
Home1A,936,1883,Vis1AH
Home1A,961,1883,Vis1AH
Home1A,974,1883,Vis1AH
Home1A,305,1883,Vis1AI
Home1A,391,1883,Vis1AI
Home1A,408,1883,Vis1AI
Home1A,423,1883,Vis1AI
Home1A,435,1883,Vis1AI
Home1A,471,1883,Vis1AI
Home1A,472,1883,Vis1AI
Home1A,492,1883,Vis1AI
Home1A,495,1883,Vis1AI
Home1A,513,1883,Vis1AI
Home1A,551,1883,Vis1AI
Home1A,557,1883,Vis1AI
Home1A,594,1883,Vis1AI
Home1A,602,1883,Vis1AI
Home1A,662,1883,Vis1AI
Home1A,683,1883,Vis1AI
Home1A,807,1883,Vis1AI
Home1A,856,1883,Vis1AI
Home1A,974,1883,Vis1AI
Home1A,408,1883,Vis1AJ
Home1A,423,1883,Vis1AJ
Home1A,435,1883,Vis1AJ
Home1A,471,1883,Vis1AJ
Home1A,472,1883,Vis1AJ
Home1A,492,1883,Vis1AJ
Home1A,495,1883,Vis1AJ
Home1A,513,1883,Vis1AJ
Home1A,557,1883,Vis1AJ
Home1A,594,1883,Vis1AJ
Home1A,602,1883,Vis1AJ
Home1A,683,1883,Vis1AJ
Home1A,807,1883,Vis1AJ
Home1A,856,1883,Vis1AJ
Home1A,955,1883,Vis1AJ
Home1A,961,1883,Vis1AJ
Home1A,367,1884,Vis1AK
Home1A,418,1884,Vis1AK
Home1A,435,1884,Vis1AK
Home1A,465,1884,Vis1AK
Home1A,473,1884,Vis1AK
Home1A,504,1884,Vis1AK
Home1A,521,1884,Vis1AK
Home1A,523,1884,Vis1AK
Home1A,537,1884,Vis1AK
Home1A,598,1884,Vis1AK
Home1A,626,1884,Vis1AK
Home1A,630,1884,Vis1AK
Home1A,639,1884,Vis1AK
Home1A,753,1884,Vis1AK
Home1A,814,1884,Vis1AK
Home1A,856,1884,Vis1AK
Home1A,877,1884,Vis1AK
Home1A,892,1884,Vis1AK
Home1A,955,1884,Vis1AK
Home1A,963,1884,Vis1AK
Home1A,364,1884,Vis1AL
Home1A,378,1884,Vis1AL
Home1A,402,1884,Vis1AL
Home1A,435,1884,Vis1AL
Home1A,473,1884,Vis1AL
Home1A,504,1884,Vis1AL
Home1A,521,1884,Vis1AL
Home1A,537,1884,Vis1AL
Home1A,598,1884,Vis1AL
Home1A,626,1884,Vis1AL
Home1A,630,1884,Vis1AL
Home1A,639,1884,Vis1AL
Home1A,737,1884,Vis1AL
Home1A,753,1884,Vis1AL
Home1A,814,1884,Vis1AL
Home1A,856,1884,Vis1AL
Home1A,877,1884,Vis1AL
Home1A,892,1884,Vis1AL
Home1A,906,1884,Vis1AL
Home1A,963,1884,Vis1AL
Home1A,367,1884,Vis1AM
Home1A,423,1884,Vis1AM
Home1A,435,1884,Vis1AM
Home1A,465,1884,Vis1AM
Home1A,473,1884,Vis1AM
Home1A,504,1884,Vis1AM
Home1A,523,1884,Vis1AM
Home1A,537,1884,Vis1AM
Home1A,552,1884,Vis1AM
Home1A,598,1884,Vis1AM
Home1A,626,1884,Vis1AM
Home1A,630,1884,Vis1AM
Home1A,639,1884,Vis1AM
Home1A,737,1884,Vis1AM
Home1A,741,1884,Vis1AM
Home1A,753,1884,Vis1AM
Home1A,856,1884,Vis1AM
Home1A,877,1884,Vis1AM
Home1A,892,1884,Vis1AM
Home1A,906,1884,Vis1AM
Home1A,963,1884,Vis1AM
Home1A,344,1884,Vis1AN
Home1A,402,1884,Vis1AN
Home1A,423,1884,Vis1AN
Home1A,435,1884,Vis1AN
Home1A,465,1884,Vis1AN
Home1A,473,1884,Vis1AN
Home1A,537,1884,Vis1AN
Home1A,552,1884,Vis1AN
Home1A,598,1884,Vis1AN
Home1A,626,1884,Vis1AN
Home1A,630,1884,Vis1AN
Home1A,639,1884,Vis1AN
Home1A,737,1884,Vis1AN
Home1A,741,1884,Vis1AN
Home1A,753,1884,Vis1AN
Home1A,877,1884,Vis1AN
Home1A,892,1884,Vis1AN
Home1A,906,1884,Vis1AN
Home1A,963,1884,Vis1AN
Home1A,344,1884,Vis1AO
Home1A,367,1884,Vis1AO
Home1A,435,1884,Vis1AO
Home1A,504,1884,Vis1AO
Home1A,523,1884,Vis1AO
Home1A,537,1884,Vis1AO
Home1A,598,1884,Vis1AO
Home1A,626,1884,Vis1AO
Home1A,630,1884,Vis1AO
Home1A,639,1884,Vis1AO
Home1A,733,1884,Vis1AO
Home1A,737,1884,Vis1AO
Home1A,753,1884,Vis1AO
Home1A,814,1884,Vis1AO
Home1A,856,1884,Vis1AO
Home1A,877,1884,Vis1AO
Home1A,892,1884,Vis1AO
Home1A,906,1884,Vis1AO
Home1A,963,1884,Vis1AO
Home1A,348,1884,Vis1AP
Home1A,367,1884,Vis1AP
Home1A,423,1884,Vis1AP
Home1A,435,1884,Vis1AP
Home1A,465,1884,Vis1AP
Home1A,504,1884,Vis1AP
Home1A,523,1884,Vis1AP
Home1A,537,1884,Vis1AP
Home1A,552,1884,Vis1AP
Home1A,598,1884,Vis1AP
Home1A,626,1884,Vis1AP
Home1A,630,1884,Vis1AP
Home1A,733,1884,Vis1AP
Home1A,741,1884,Vis1AP
Home1A,753,1884,Vis1AP
Home1A,814,1884,Vis1AP
Home1A,856,1884,Vis1AP
Home1A,877,1884,Vis1AP
Home1A,892,1884,Vis1AP
Home1A,906,1884,Vis1AP
Home1A,963,1884,Vis1AP
Home1A,344,1884,Vis1AQ
Home1A,348,1884,Vis1AQ
Home1A,354,1884,Vis1AQ
Home1A,367,1884,Vis1AQ
Home1A,402,1884,Vis1AQ
Home1A,423,1884,Vis1AQ
Home1A,435,1884,Vis1AQ
Home1A,465,1884,Vis1AQ
Home1A,473,1884,Vis1AQ
Home1A,504,1884,Vis1AQ
Home1A,521,1884,Vis1AQ
Home1A,537,1884,Vis1AQ
Home1A,552,1884,Vis1AQ
Home1A,598,1884,Vis1AQ
Home1A,626,1884,Vis1AQ
Home1A,630,1884,Vis1AQ
Home1A,753,1884,Vis1AQ
Home1A,814,1884,Vis1AQ
Home1A,856,1884,Vis1AQ
Home1A,877,1884,Vis1AQ
Home1A,892,1884,Vis1AQ
Home1A,906,1884,Vis1AQ
Home1A,963,1884,Vis1AQ
Home1A,344,1884,Vis1AR
Home1A,348,1884,Vis1AR
Home1A,354,1884,Vis1AR
Home1A,367,1884,Vis1AR
Home1A,423,1884,Vis1AR
Home1A,435,1884,Vis1AR
Home1A,465,1884,Vis1AR
Home1A,473,1884,Vis1AR
Home1A,504,1884,Vis1AR
Home1A,521,1884,Vis1AR
Home1A,537,1884,Vis1AR
Home1A,552,1884,Vis1AR
Home1A,598,1884,Vis1AR
Home1A,626,1884,Vis1AR
Home1A,630,1884,Vis1AR
Home1A,753,1884,Vis1AR
Home1A,814,1884,Vis1AR
Home1A,856,1884,Vis1AR
Home1A,877,1884,Vis1AR
Home1A,892,1884,Vis1AR
Home1A,906,1884,Vis1AR
Home1A,963,1884,Vis1AR
Home1A,348,1884,Vis1AS
Home1A,367,1884,Vis1AS
Home1A,423,1884,Vis1AS
Home1A,435,1884,Vis1AS
Home1A,523,1884,Vis1AS
Home1A,537,1884,Vis1AS
Home1A,552,1884,Vis1AS
Home1A,598,1884,Vis1AS
Home1A,626,1884,Vis1AS
Home1A,630,1884,Vis1AS
Home1A,733,1884,Vis1AS
Home1A,753,1884,Vis1AS
Home1A,814,1884,Vis1AS
Home1A,856,1884,Vis1AS
Home1A,877,1884,Vis1AS
Home1A,892,1884,Vis1AS
Home1A,963,1884,Vis1AS
Home1A,305,1884,Vis1AT
Home1A,367,1884,Vis1AT
Home1A,423,1884,Vis1AT
Home1A,435,1884,Vis1AT
Home1A,473,1884,Vis1AT
Home1A,523,1884,Vis1AT
Home1A,537,1884,Vis1AT
Home1A,552,1884,Vis1AT
Home1A,598,1884,Vis1AT
Home1A,626,1884,Vis1AT
Home1A,630,1884,Vis1AT
Home1A,733,1884,Vis1AT
Home1A,753,1884,Vis1AT
Home1A,814,1884,Vis1AT
Home1A,856,1884,Vis1AT
Home1A,877,1884,Vis1AT
Home1A,892,1884,Vis1AT
Home1A,953,1884,Vis1AT
Home1A,963,1884,Vis1AT
Home1A,305,1884,Vis1AU
Home1A,354,1884,Vis1AU
Home1A,367,1884,Vis1AU
Home1A,423,1884,Vis1AU
Home1A,435,1884,Vis1AU
Home1A,504,1884,Vis1AU
Home1A,523,1884,Vis1AU
Home1A,537,1884,Vis1AU
Home1A,552,1884,Vis1AU
Home1A,598,1884,Vis1AU
Home1A,626,1884,Vis1AU
Home1A,630,1884,Vis1AU
Home1A,733,1884,Vis1AU
Home1A,741,1884,Vis1AU
Home1A,753,1884,Vis1AU
Home1A,814,1884,Vis1AU
Home1A,877,1884,Vis1AU
Home1A,892,1884,Vis1AU
Home1A,906,1884,Vis1AU
Home1A,953,1884,Vis1AU
Home1A,955,1884,Vis1AU
Home1A,959,1884,Vis1AU
Home1A,963,1884,Vis1AU
Home1A,305,1884,Vis1AV
Home1A,354,1884,Vis1AV
Home1A,364,1884,Vis1AV
Home1A,423,1884,Vis1AV
Home1A,435,1884,Vis1AV
Home1A,504,1884,Vis1AV
Home1A,523,1884,Vis1AV
Home1A,537,1884,Vis1AV
Home1A,598,1884,Vis1AV
Home1A,626,1884,Vis1AV
Home1A,630,1884,Vis1AV
Home1A,750,1884,Vis1AV
Home1A,753,1884,Vis1AV
Home1A,814,1884,Vis1AV
Home1A,892,1884,Vis1AV
Home1A,906,1884,Vis1AV
Home1A,953,1884,Vis1AV
Home1A,955,1884,Vis1AV
Home1A,959,1884,Vis1AV
Home1A,963,1884,Vis1AV
Home1A,305,1884,Vis1AW
Home1A,423,1884,Vis1AW
Home1A,435,1884,Vis1AW
Home1A,465,1884,Vis1AW
Home1A,504,1884,Vis1AW
Home1A,521,1884,Vis1AW
Home1A,537,1884,Vis1AW
Home1A,598,1884,Vis1AW
Home1A,626,1884,Vis1AW
Home1A,630,1884,Vis1AW
Home1A,672,1884,Vis1AW
Home1A,741,1884,Vis1AW
Home1A,750,1884,Vis1AW
Home1A,753,1884,Vis1AW
Home1A,814,1884,Vis1AW
Home1A,877,1884,Vis1AW
Home1A,892,1884,Vis1AW
Home1A,906,1884,Vis1AW
Home1A,953,1884,Vis1AW
Home1A,955,1884,Vis1AW
Home1A,959,1884,Vis1AW
Home1A,963,1884,Vis1AW
Home1A,354,1884,Vis1AX
Home1A,364,1884,Vis1AX
Home1A,423,1884,Vis1AX
Home1A,435,1884,Vis1AX
Home1A,504,1884,Vis1AX
Home1A,521,1884,Vis1AX
Home1A,523,1884,Vis1AX
Home1A,537,1884,Vis1AX
Home1A,598,1884,Vis1AX
Home1A,626,1884,Vis1AX
Home1A,630,1884,Vis1AX
Home1A,672,1884,Vis1AX
Home1A,750,1884,Vis1AX
Home1A,753,1884,Vis1AX
Home1A,814,1884,Vis1AX
Home1A,877,1884,Vis1AX
Home1A,892,1884,Vis1AX
Home1A,906,1884,Vis1AX
Home1A,953,1884,Vis1AX
Home1A,955,1884,Vis1AX
Home1A,959,1884,Vis1AX
Home1A,963,1884,Vis1AX
Home1A,423,1884,Vis1AY
Home1A,435,1884,Vis1AY
Home1A,437,1884,Vis1AY
Home1A,465,1884,Vis1AY
Home1A,504,1884,Vis1AY
Home1A,523,1884,Vis1AY
Home1A,537,1884,Vis1AY
Home1A,564,1884,Vis1AY
Home1A,598,1884,Vis1AY
Home1A,626,1884,Vis1AY
Home1A,630,1884,Vis1AY
Home1A,672,1884,Vis1AY
Home1A,750,1884,Vis1AY
Home1A,753,1884,Vis1AY
Home1A,814,1884,Vis1AY
Home1A,877,1884,Vis1AY
Home1A,892,1884,Vis1AY
Home1A,906,1884,Vis1AY
Home1A,953,1884,Vis1AY
Home1A,955,1884,Vis1AY
Home1A,959,1884,Vis1AY
Home1A,963,1884,Vis1AY
Home1A,411,1884,Vis1AZ
Home1A,423,1884,Vis1AZ
Home1A,435,1884,Vis1AZ
Home1A,437,1884,Vis1AZ
Home1A,521,1884,Vis1AZ
Home1A,523,1884,Vis1AZ
Home1A,564,1884,Vis1AZ
Home1A,598,1884,Vis1AZ
Home1A,626,1884,Vis1AZ
Home1A,630,1884,Vis1AZ
Home1A,672,1884,Vis1AZ
Home1A,750,1884,Vis1AZ
Home1A,753,1884,Vis1AZ
Home1A,787,1884,Vis1AZ
Home1A,814,1884,Vis1AZ
Home1A,838,1884,Vis1AZ
Home1A,877,1884,Vis1AZ
Home1A,892,1884,Vis1AZ
Home1A,906,1884,Vis1AZ
Home1A,953,1884,Vis1AZ
Home1A,959,1884,Vis1AZ
Home1A,963,1884,Vis1AZ
Home1A,354,1884,Vis1BA
Home1A,364,1884,Vis1BA
Home1A,423,1884,Vis1BA
Home1A,435,1884,Vis1BA
Home1A,465,1884,Vis1BA
Home1A,521,1884,Vis1BA
Home1A,598,1884,Vis1BA
Home1A,626,1884,Vis1BA
Home1A,630,1884,Vis1BA
Home1A,672,1884,Vis1BA
Home1A,766,1884,Vis1BA
Home1A,787,1884,Vis1BA
Home1A,814,1884,Vis1BA
Home1A,838,1884,Vis1BA
Home1A,877,1884,Vis1BA
Home1A,892,1884,Vis1BA
Home1A,906,1884,Vis1BA
Home1A,959,1884,Vis1BA
Home1A,963,1884,Vis1BA
Home1A,354,1884,Vis1BB
Home1A,364,1884,Vis1BB
Home1A,411,1884,Vis1BB
Home1A,423,1884,Vis1BB
Home1A,435,1884,Vis1BB
Home1A,437,1884,Vis1BB
Home1A,521,1884,Vis1BB
Home1A,523,1884,Vis1BB
Home1A,564,1884,Vis1BB
Home1A,583,1884,Vis1BB
Home1A,598,1884,Vis1BB
Home1A,626,1884,Vis1BB
Home1A,630,1884,Vis1BB
Home1A,672,1884,Vis1BB
Home1A,766,1884,Vis1BB
Home1A,787,1884,Vis1BB
Home1A,838,1884,Vis1BB
Home1A,877,1884,Vis1BB
Home1A,892,1884,Vis1BB
Home1A,906,1884,Vis1BB
Home1A,953,1884,Vis1BB
Home1A,959,1884,Vis1BB
Home1A,354,1884,Vis1BC
Home1A,364,1884,Vis1BC
Home1A,411,1884,Vis1BC
Home1A,423,1884,Vis1BC
Home1A,435,1884,Vis1BC
Home1A,521,1884,Vis1BC
Home1A,523,1884,Vis1BC
Home1A,579,1884,Vis1BC
Home1A,583,1884,Vis1BC
Home1A,598,1884,Vis1BC
Home1A,626,1884,Vis1BC
Home1A,630,1884,Vis1BC
Home1A,672,1884,Vis1BC
Home1A,750,1884,Vis1BC
Home1A,766,1884,Vis1BC
Home1A,787,1884,Vis1BC
Home1A,838,1884,Vis1BC
Home1A,877,1884,Vis1BC
Home1A,892,1884,Vis1BC
Home1A,953,1884,Vis1BC
Home1A,959,1884,Vis1BC
